{
  "kind": "blend",
  "names": [
    "zm_yunxia",
    "if_sara",
    "hf_beta",
    "af_jessica",
    "jf_alpha"
  ],
  "weights": [
    0.644978404045105,
    0.3215652406215668,
    0.018156202509999275,
    0.010454251430928707,
    0.004845889750868082
  ],
  "train": 0.629753053188324,
  "valid": 0.6254026889801025,
  "objective": 0.6282304257154465,
  "train_vals": [
    0.6629181504249573,
    0.634024977684021,
    0.629284679889679,
    0.6742218136787415,
    0.6328490972518921,
    0.5869608521461487
  ],
  "valid_vals": [
    0.6257966756820679,
    0.6570813655853271,
    0.6084286570549011
  ],
  "iter": 116
}